{"ProjectWatches":"{\"Value\":[]}","ProjectSettings":"{\"IncludeSourcesByDefault\":false,\"RemoveUnusedDependencies\":false}","OpenedDocuments":"[\"Main.xaml\"]","ProjectBreakpoints":"{\"Value\":{\"Main.xaml\":[{\"ConditionalExpression\":null,\"ActionExpression\":null,\"ExpectedHitCounter\":null,\"ShouldContinueAfterAction\":false,\"IsTransient\":false,\"IsEnabled\":false,\"Id\":\"7523c328-9f8d-4dd4-b63b-3d15487b28df\",\"ActivityIdRef\":\"ExcelApplicationScope_3\",\"ActivityId\":\"1.887\",\"ActivityName\":\"Excel Application Scope\"}]}}"}